{"weights1":{"v":1,"dim":[4,17],"data":[0.2761412077764667,0.18835848336406125,-0.43300518511875236,-0.11526473564492411,0.5021369201369136,0.5974805014087721,-0.18474939975826293,0.6168174442256694,0.46970445658463383,-0.03759299276340985,0.3362451070754524,0.791606603892528,0.44296116375947986,-0.548978975632167,-0.39737843684893387,-0.2873500744648337,0.4559944477779173,0.5330278432007347,0.5296312889617067,0.5607472552166324,0.17271940853453768,-0.5462833490054354,0.4778038037021875,0.07742933866582527,0.7265655885261629,-0.05250095279539194,-0.1187656987183007,0.2251683007962264,-0.42121477148689873,0.40933318397543456,0.5076982880147429,0.27918117507129,0.06988116666115814,0.5371715471129505,-0.5386393130798386,-0.09712931418738173,-0.4978279987427588,0.5006232737528674,-0.30908676537252694,-0.4562945532335405,-0.6613079279150053,0.1415432204004059,-0.07693987727560607,-0.12216874293266457,0.3910179428388295,-0.6867857366155994,0.23951255315271935,0.25916716315759664,-0.44405721144663085,-0.30147560141581814,0.9810289994442015,0.5132513025829653,0.36905491062933465,-0.22462913656046332,0.25844564954598614,-0.12765206278205493,0.3588623448934805,-0.2498147546802788,-0.04914703423442898,0.8965991242596677,-0.07792871417790581,-0.6589725391310255,-0.5648714084839295,-0.4097215487335096,0.575625121211708,-0.35552615387767234,0.563284760316866,0.9633859377483049]},"bias1":{"v":1,"dim":[17],"data":[0.18613636898081085,-0.09871465319506406,0.5308005116592648,0.04397888709325555,0.02971674452164344,-0.08701632404249617,0.12182424272421699,0.023827350053685158,-0.2637569742402371,-0.0589469734496438,0.08842460108190418,0.01669469396001888,-0.022238756840609247,-0.13588781179708828,-0.02239380630432556,0.11796753968990363,-0.40444921140102247]},"weights2":{"v":1,"dim":[17,15],"data":[-0.03617109035855725,-0.20376129079525254,0.15479013751919576,0.35118393430473727,-0.1200940671403537,0.2474381679949266,-0.03816564412810758,0.03470628700117558,0.1372303330873037,0.1929303523039038,0.2761725748670974,0.16225136194424825,-0.21282355190230728,-0.17864941650865163,-0.3016989981002495,0.21074129215154225,-0.3165871804943041,0.058880759464026204,-0.08132056061666876,0.17508639480704796,0.3224321035263699,-0.029931770437565047,-0.22391903540981817,-0.24611388638926712,0.13389758110585762,-0.053723167166313555,0.2078909468064898,0.3030104760998472,0.23601614901597706,-0.2620371620898461,0.2575155646711763,0.04721673470176211,0.3538422540077304,-0.0978234562646154,0.45756714080716915,0.14517633919932546,0.07386040698568755,-0.10585549439776808,-0.26389695298489924,0.06311175507142024,0.45696563274684887,0.21125986486702533,-0.5866777910713841,-0.33001934383133846,-0.11784736226375751,-0.18837183286895834,-0.024941451840471668,0.17784311565893615,-0.31225637778135945,0.20553325728298721,0.04467135786088494,-0.26252989545825267,-0.10237404743320523,-0.23827981387739186,-0.36403215868448635,-0.32933199868155866,-0.3063066773257579,-0.02175756377282443,0.18383854648536993,-0.19954544631845625,0.0018619890856383266,0.022710859386528344,0.18132259225519728,0.19603042612370852,0.22033081553294023,0.04055833424660882,0.055267436568058895,0.1929486030220325,-0.32991719624054566,-0.006349376985061887,0.10478133927276213,-0.20590041199346312,-0.25953907338485105,0.1649164734936349,0.08209977521426702,0.19916625265558943,-0.19120841360566848,0.11909361476017258,0.02199679289760718,-0.017217497289661637,-0.026625326028190236,0.309713301343029,-0.17638649875798543,-0.20615138410001874,0.0029562344435071094,0.10433273580258864,-0.039162554092369885,0.10208406981565982,0.11521527133841783,-0.20173113107502036,0.10458375145603735,0.02306671434610704,0.15178027084216686,-0.18656783261749263,-0.17269608931344455,-0.13286449377961804,-0.24323472689365908,0.14473010508455306,-0.3812047364842483,-0.3081769469249943,0.18531292361588142,0.18933725474545554,-0.2824825788437701,-0.06691249636270653,0.04308318763614261,0.12469309705198924,-0.331032357099451,-0.3717807834372889,-0.05849638018571548,-0.1216053499636764,-0.0733160782368438,0.19402218343665573,-0.09595984820786915,-0.09709805917481518,0.3097264159108496,0.16258374777422513,0.3382490448628292,-0.1398790293411481,-0.19854370382630762,-0.1105442174466248,0.3950294563326159,0.3779175632299115,-0.41229239999189926,-0.12981285461547357,-0.32404555039475846,-0.24330119707475775,0.2518062220980071,0.36233264547750244,0.07993340250578967,-0.052069399888517665,-0.027136117017507087,0.023183535253602547,0.5934502234416483,-0.3583905624553709,0.1305608562895695,0.20820561109600838,-0.10456650759417882,0.11624854140418388,-0.12352720229127233,0.015318201770952165,0.005970292937313468,0.29927065716689016,0.17536487644898535,-0.2840146839813153,-0.3331567741684372,-0.11647454290755176,0.13471653238010797,-0.1554191445145267,-0.07765673337609313,0.28356053854801855,0.20321413615866266,0.13923872041022672,0.09337894742519774,0.22096481715807328,0.16516082356095982,0.11853260680938985,-0.21865832623287088,-0.013790606264829974,-0.061437253643146665,-0.22454980940360017,-0.06688913832838829,0.09776512670830606,0.17448416289869648,0.04385909952308627,0.007263463134293015,-0.09854477455478983,0.04941344564639203,0.1062886213890442,0.10784830144164896,0.2170350038632757,0.18448997165275208,0.8039563652301832,-0.3001066523485916,-0.23177010851289126,-0.35811985324401135,-0.28564216089483563,0.37495603121372606,0.24977094627515806,0.003169860260470548,0.11123734356714637,-0.014082130854191032,-0.10000013454594645,-0.10124252572844568,0.25581228486699276,0.31766021895889746,0.21129609062780286,-0.015985904009923613,0.05467812408038014,0.10746382735867592,0.14005111304887158,0.22989152646802982,0.24104536954948574,0.15518926482012285,-0.24992327270478687,0.2607629871615574,-0.06171498540242718,-0.164148856309916,-0.013260375026984928,-0.17022317714706842,0.24070528491189405,-0.4036483771391234,-0.3810489923747786,-0.13443125211542534,0.08328523103547503,0.021287476514196057,-0.0661924312600372,0.059402848223248185,0.34500874857427155,-0.021004121338067165,0.1793037274539305,0.3281793675563837,0.2769469345452043,0.37807598155558303,-0.001571676799577006,0.29409815286865504,0.036316338048782884,-0.27693049102595296,0.2018792793203877,0.25228079028336087,-0.2529666867966751,-0.00963254945518302,-0.08135645912686006,0.3055734650972496,-0.24777883207590923,0.23160157940570925,0.11392635746451202,0.25624133558100476,-0.15145807662038152,-0.004482510780998771,0.18563030441554162,0.0991584416574687,-0.15185185210879787,0.21082534986910098,0.34158861447143024,-0.137826281293718,0.18226495461170492,-0.2587116588829755,0.11946579382742802,0.25007915578655054,0.11919457626271181,0.14342314412645876,0.002155098380113945,-0.2596317851317675,-0.3063584194165158,-0.2915537414799127,-0.38089609573500094,-0.7009638959630129,-0.26634451589709146,-0.13981785254966822,-0.12414183917237268,0.1788749600458549,0.07963862224568347,0.6546084256504281,-0.1672412996142437,-0.18493920082176676]},"bias2":{"v":1,"dim":[15],"data":[-0.09863429045095243,-0.05738036231876242,0.2616220899232128,-0.016598003983100008,0.33603334384219535,0.3256314723268845,-0.013885082640591656,0.02937476561098505,0.06145487524756104,-0.04622293582960337,0.33495812306719897,0.009760566275601231,-0.2433592874231174,-0.025278044220638136,0.09429641362229378]},"weights3":{"v":1,"dim":[15,4],